dataset_key,source,source_version,title,description,population,n_subjects,modalities,paradigm,format,size,license,access_url,access_method,metadata_status,notes,evidence_url,task_description,n_recordings,recording_count_basis,fnirs_format,count_status,fnirs_duration_min_s,fnirs_duration_max_s,duration_basis,duration_status,features_labels_events,features_behavior,features_demographics,features_clinical,features_questionnaires,features_physiology,features_motion,features_spatial_optode_metadata,features_stimuli,features_other_modalities,features_other
figshare:24032265,Figshare,1,Open access dataset integrating EEG and fNIRS during Stroop tasks,"Simultaneous high-temporal-resolution fNIRS and EEG during a Chinese colour-word matching Stroop task, with raw and preprocessed data.",Healthy Chinese adults,21,fNIRS; EEG; EOG; behavior,Chinese colour-word matching Stroop; neutral and incongruent blocks,ZIP of nested ZIPs; TDMS; MAT; CSV/XLS; CNT; SET/FDT,2.05 GB,CC0,https://ndownloader.figshare.com/files/42141585,Direct ZIP download; Figshare landing page,verified-core,Dataset-item API licenses the deposit as CC0; the article itself is CC-BY-4.0. Remote ZIP manifests were inspected by HTTP range requests without downloading the 2.05 GB archive.,https://doi.org/10.6084/m9.figshare.24032265.v1,"Participants judged whether the display colour of an upper Chinese character matched the colour-word meaning of a lower character, using left/right mouse responses. The formal task comprised four 16-trial blocks in N-N-I-I order (neutral, neutral, incongruent, incongruent), with 2-s stimuli, 5-s inter-trial intervals, breaks and pre/post rest.",21,21 unique participant-level raw fNIRS TDMS files S1.tdms-S21.tdms in the nested raw-fNIRS archive; MAT files are alternate exports of the same recordings,TDMS raw; MATLAB MAT raw export; XLS/MAT preprocessed HbO/Hb,verified,191.04,1988.95,"Raw MAT exports: 19,104–198,895 samples at 100 Hz.",verified,photoelectric marker signal shared with EEG; condition and stimulus timing || format=TDMS/MAT marker channel; dataset description || level=sample/event/participant || status=verified || evidence=remote ZIP manifests and article Methods/Data Record,per-trial judgment codes and reaction times for neutral and incongruent trials || format=21 participant CSV files and 21 MAT files || level=participant/trial || status=verified || evidence=remote nested-ZIP manifests and sampled CSV,age; sex; dominant hand || format=article Table 1 || level=participant || status=verified || evidence=Scientific Data article participant table,,,,,4 sources; 16 detectors; 20 channels; 3 cm source-detector spacing; 785/850 nm; frontal and parietal montage/channel order || format=article figure and dataset description || level=channel/dataset || status=verified || evidence=Scientific Data Methods and archive description,Chinese colour words and non-colour words; neutral/incongruent condition definitions || format=task specification in article || level=trial/condition || status=verified || evidence=Scientific Data Methods,34-channel EEG at 1000 Hz plus four bipolar EOG channels; raw CNT/MAT and preprocessed SET/FDT/MAT || format=CNT; MAT; SET/FDT || level=participant/sample/event || status=verified || evidence=Figshare nested-ZIP manifests and article Methods,raw fNIRS MAT exports and preprocessed HbO/Hb condition files; import/preprocessing code linked by article || format=MAT; XLS; external MATLAB code || level=participant/condition/channel || status=verified || evidence=remote ZIP manifests and article Data Record/Code availability
openneuro:ds004514,OpenNeuro,1.1.2,Simultaneous EEG and fNIRS recordings for semantic decoding of imagined animals and tools,"Silent naming and visual, auditory, and tactile imagery for semantic decoding.",Not stated,12,EEG; fNIRS,Semantic imagery and naming,BIDS 1.7.0; NIRS,25.9 GB,CC0,https://openneuro.org/datasets/ds004514/versions/1.1.2,Web; OpenNeuro CLI; NEMAR mirror,verified-core,BIDS task labels are literally 'nirs' and 'eeg'; they are not semantic task descriptions.,https://doi.org/10.18112/openneuro.ds004514.v1.1.2,"Participants viewed animal/tool images and then performed silent naming plus visual, auditory, and tactile imagery; fixation, masks, breaks, category and stimulus-file labels are event-resolved.",12,unique *_nirs.snirf files in snapshot 1.1.2,BIDS NIRS; SNIRF,verified,4266.496,4902.8,SNIRF sample durations across 12 raw recordings.,verified,onset; duration; trial_type/value; task-specific event labels || format=BIDS events.tsv and events.json where supplied || level=event/run || status=verified || evidence=snapshot file tree and event headers,,age; sex; handedness || format=participants.tsv and participants.json || level=participant || status=verified || evidence=snapshot participant table,,,,,channel status/types; source/detector optode coordinates; coordinate-system metadata || format=BIDS channels.tsv; optodes.tsv/coordsystem.json when present || level=channel/run/participant || status=verified || evidence=snapshot file tree,36 animal/tool images referenced by stim_file || format=PNG || level=event || status=verified || evidence=repository file listing/README or canonical study metadata,64-channel EEG plus GSR and respiration channels || format=BDF; BIDS EEG TSV/JSON || level=run/sample || status=verified || evidence=repository file listing/README or canonical study metadata,
openneuro:ds004541,OpenNeuro,1.0.0,Multimodal EEG-fNIRS data from patients undergoing general anesthesia,Simultaneous EEG-fNIRS recordings across two anesthesia sessions.,Patients undergoing general anesthesia,8,EEG; fNIRS,Anesthesia,BIDS 1.6.0; NIRS,3.11 GB,CC0,https://openneuro.org/datasets/ds004541/versions/1.0.0,Web; OpenNeuro CLI; NEMAR mirror,verified-core,,https://doi.org/10.18112/openneuro.ds004541.v1.0.0,"Continuous simultaneous EEG-fNIRS during general anesthesia, annotated with baseline, anesthesia start, soft/strong verbal commands, motor responses and tetanic painful stimulation; one patient has a second session.",9,unique *_nirs.snirf files (8 participants; one repeat session),BIDS NIRS; SNIRF,verified,1225.984,4878.848,SNIRF sample durations across 9 raw recordings.,verified,onset; duration; trial_type/value; task-specific event labels || format=BIDS events.tsv and events.json where supplied || level=event/run || status=verified || evidence=snapshot file tree and event headers,,,,,,,channel status/types; source/detector optode coordinates; coordinate-system metadata || format=BIDS channels.tsv; optodes.tsv/coordsystem.json when present || level=channel/run/participant || status=verified || evidence=snapshot file tree,,simultaneous EEG || format=EDF; BIDS EEG TSV/JSON || level=run/sample || status=verified || evidence=repository file listing/README or canonical study metadata,
openneuro:ds004830,OpenNeuro,2.0.0,Spatial Attention Decoding using fNIRS During Complex Scene Analysis,Spatial-attention decoding while participants analyze complex scenes.,Not stated,12,fNIRS,Overt spatial attention,BIDS 1.7.1; NIRS,1.32 GB,CC0,https://openneuro.org/datasets/ds004830/versions/2.0.0,Web; OpenNeuro CLI,verified-core,,https://doi.org/10.18112/openneuro.ds004830.v2.0.0,"A 2-s audiovisual cue directed attention left, center or right before three simultaneous talking-face videos; participants answered face/audio multiple-choice questions, with correctness stored per event.",14,unique BIDS *_nirs.snirf files; legacy .nirs derivatives excluded,BIDS NIRS; SNIRF,verified,1799.98,3561,SNIRF sample durations across 14 current raw recordings.,verified,onset; duration; trial_type/value; task-specific event labels || format=BIDS events.tsv and events.json where supplied || level=event/run || status=verified || evidence=snapshot file tree and event headers,correct_audio_response; correct_video_response; correct_both_response; response matrices || format=events.tsv; MATLAB .mat || level=event/run || status=verified || evidence=repository file listing/README or canonical study metadata,,,,,,channel status/types; source/detector optode coordinates; coordinate-system metadata || format=BIDS channels.tsv; optodes.tsv/coordsystem.json when present || level=channel/run/participant || status=verified || evidence=snapshot file tree,,,
openneuro:ds004973,OpenNeuro,1.0.1,An fNIRS dataset for driving risk cognition of passengers in highly automated driving scenarios,Passenger risk cognition across automated-driving scenarios.,Not stated,20,fNIRS,Automated-driving scenarios,BIDS 1.7.0; NIRS,2.49 GB,CC0,https://openneuro.org/datasets/ds004973/versions/1.0.1,Web; OpenNeuro CLI,verified-core,Snapshot exposes 12 numeric BIDS task labels; the associated paper describes 14 scenario types.,https://doi.org/10.18112/openneuro.ds004973.v1.0.1,"Twenty passengers were assigned up to 12 automated-driving scenario runs containing 14 risk-event types; the snapshot has 222 recordings although the README says 20 of 240 planned runs were removed, and subjective danger evaluations are included.",222,unique *_nirs.snirf files; README count conflicts with the 240 planned runs,BIDS NIRS; SNIRF,verified,729.4,1195.26,SNIRF sample durations across 222 raw recordings.,verified,onset; duration; trial_type/value; task-specific event labels || format=BIDS events.tsv and events.json where supplied || level=event/run || status=verified || evidence=snapshot file tree and event headers,,age; sex; driving experience || format=participants.tsv and participants.json || level=participant || status=verified || evidence=snapshot participant table,,subjective danger evaluations for driving scenarios || format=participants.tsv || level=participant/scenario || status=verified || evidence=repository file listing/README or canonical study metadata,,,channel status/types; source/detector optode coordinates; coordinate-system metadata || format=BIDS channels.tsv; optodes.tsv/coordsystem.json when present || level=channel/run/participant || status=verified || evidence=snapshot file tree,,,
openneuro:ds005776,OpenNeuro,1.0.1,Electrical_Thermal_FingerTapping_2015,"Pain, motor, imagery, and resting-state fNIRS conditions.",Not stated,11,fNIRS,Electrical; thermal; finger tapping; imagery; rest,BIDS 1.7.1; NIRS,1.29 GB,CC0,https://openneuro.org/datasets/ds005776/versions/1.0.1,Web; OpenNeuro CLI,verified-core,,https://doi.org/10.18112/openneuro.ds005776.v1.0.1,"Mixed electrical pain (individual VAS 3/7, 5-s stimulation), thermal stimulation, left-hand finger tapping, imagery and resting recordings; thermal/imagery labels remain opaque and availability differs by participant.",46,unique *_nirs.snirf participant × task × run files,BIDS NIRS; SNIRF,verified,156,758,SNIRF sample durations across 46 raw recordings.,verified,onset; duration; trial_type/value; task-specific event labels || format=BIDS events.tsv and events.json where supplied || level=event/run || status=verified || evidence=snapshot file tree and event headers,,,,,,,channel status/types; source/detector optode coordinates; coordinate-system metadata || format=BIDS channels.tsv; optodes.tsv/coordsystem.json when present || level=channel/run/participant || status=verified || evidence=snapshot file tree,,,
openneuro:ds005777,OpenNeuro,1.0.1,Electrical_Morphine_Placebo_2018,Painful or tactile stimulation under morphine and placebo conditions.,Not stated,14,fNIRS,Tactile perception; morphine/placebo,BIDS 1.7.1; NIRS,907 MB,CC0,https://openneuro.org/datasets/ds005777/versions/1.0.1,Web; OpenNeuro CLI,verified-core,,https://doi.org/10.18112/openneuro.ds005777.v1.0.1,Double-blind morphine/placebo crossover with pre-dose and 30/60/90-min scans; each scan randomized innocuous VAS-3 and noxious VAS-7 left-thumb electrical stimuli.,113,unique *_nirs.snirf participant × session × task × run files,BIDS NIRS; SNIRF,verified,390,408,SNIRF sample durations across 113 raw recordings.,verified,onset; duration; trial_type/value; task-specific event labels || format=BIDS events.tsv and events.json where supplied || level=event/run || status=verified || evidence=snapshot file tree and event headers,,,morphine/placebo treatment-session indicators || format=participants.tsv || level=participant/session || status=verified || evidence=repository file listing/README or canonical study metadata,,,,channel status/types; source/detector optode coordinates; coordinate-system metadata || format=BIDS channels.tsv; optodes.tsv/coordsystem.json when present || level=channel/run/participant || status=verified || evidence=snapshot file tree,,,
openneuro:ds005929,OpenNeuro,1.0.1,Motion-Yucel2014,Dataset for studying motion artifacts in long-term NIRS monitoring.,Not stated,7,fNIRS,Induced motion artifacts,BIDS 1.7.1; NIRS,71.8 MB,CC0,https://openneuro.org/datasets/ds005929/versions/1.0.1,Web; OpenNeuro CLI,verified-core,,https://doi.org/10.18112/openneuro.ds005929.v1.0.1,"Long-duration fNIRS with seven instructed artifacts: rapid head shake, sideways/up-down nodding, left/right trunk twist, eyebrow raise and loud reading.",7,unique *_nirs.snirf files,BIDS NIRS; SNIRF,verified,380,796,SNIRF sample durations across 7 raw recordings.,verified,onset; duration; trial_type/value; task-specific event labels || format=BIDS events.tsv and events.json where supplied || level=event/run || status=verified || evidence=snapshot file tree and event headers,,,,,,,channel status/types; source/detector optode coordinates; coordinate-system metadata || format=BIDS channels.tsv; optodes.tsv/coordsystem.json when present || level=channel/run/participant || status=verified || evidence=snapshot file tree,,,
openneuro:ds005935,OpenNeuro,1.0.0,Mirror Neuron Study,Observed versus executed hand actions and motor complexity.,Not stated,21,fNIRS,Action observation and execution,BIDS 1.8.0; NIRS,774 MB,CC0,https://openneuro.org/datasets/ds005935/versions/1.0.0,Web; OpenNeuro CLI,verified-core,Current OpenNeuro form of the legacy Li2020mirror dataset; legacy archives may report a different subject count.,https://doi.org/10.18112/openneuro.ds005935.v1.0.0,"Three runs of easy/difficult hand-action observation and execution, interleaved with control blocks, designed to probe the mirror-neuron system.",64,unique *_nirs.snirf files,BIDS NIRS; SNIRF,verified,338,392,SNIRF sample durations across 64 raw recordings.,verified,onset; duration; trial_type/value; task-specific event labels || format=BIDS events.tsv and events.json where supplied || level=event/run || status=verified || evidence=snapshot file tree and event headers,,,,,,,channel status/types; source/detector optode coordinates; coordinate-system metadata || format=BIDS channels.tsv; optodes.tsv/coordsystem.json when present || level=channel/run/participant || status=verified || evidence=snapshot file tree,,,
openneuro:ds005963,OpenNeuro,1.0.0,FRESH Motor Dataset,Motor-cortex fNIRS recorded over four sessions.,Not stated,10,fNIRS,Motor,BIDS 1.7.0; NIRS,245 MB,CC0,https://openneuro.org/datasets/ds005963/versions/1.0.0,Web; OpenNeuro CLI,verified-core,,https://doi.org/10.18112/openneuro.ds005963.v1.0.0,Four motor sessions per participant (left/right and 2 s/3 s variants); each run contains repeated motor epochs.,40,10 participants × 4 sessions × one task,BIDS NIRS; SNIRF,verified,485.072,669.536,SNIRF sample durations across 40 raw recordings.,verified,onset; duration; trial_type/value; task-specific event labels || format=BIDS events.tsv and events.json where supplied || level=event/run || status=verified || evidence=snapshot file tree and event headers,,,,,,,channel status/types; source/detector optode coordinates; coordinate-system metadata || format=BIDS channels.tsv; optodes.tsv/coordsystem.json when present || level=channel/run/participant || status=verified || evidence=snapshot file tree,,,
openneuro:ds005964,OpenNeuro,1.0.0,FRESH Audio Dataset,Auditory fNIRS dataset.,Not stated,17,fNIRS,Auditory,BIDS 1.7.0; NIRS,65.5 MB,CC0,https://openneuro.org/datasets/ds005964/versions/1.0.0,Web; OpenNeuro CLI,verified-core,,https://doi.org/10.18112/openneuro.ds005964.v1.0.0,Auditory block task contrasting speech and noise with a control condition in one session per participant.,17,17 participants × one session × one task,BIDS NIRS; SNIRF,verified,1205.952,2004.864,SNIRF sample durations across 17 raw recordings.,verified,onset; duration; trial_type/value; task-specific event labels || format=BIDS events.tsv and events.json where supplied || level=event/run || status=verified || evidence=snapshot file tree and event headers,,,,,,,channel status/types; source/detector optode coordinates; coordinate-system metadata || format=BIDS channels.tsv; optodes.tsv/coordsystem.json when present || level=channel/run/participant || status=verified || evidence=snapshot file tree,,,
openneuro:ds006377,OpenNeuro,1.0.2,InclusionStudy,Effect of hair and skin characteristics on fNIRS signal quality.,Not stated,115,fNIRS,Rest and ball squeezing,BIDS 1.8.0; NIRS,1.48 GB,CC0,https://openneuro.org/datasets/ds006377/versions/1.0.2,Web; OpenNeuro CLI,verified-core,,https://doi.org/10.18112/openneuro.ds006377.v1.0.2,"Six runs per participant: two left resting, two right resting, left-hand ball squeeze and right-hand ball squeeze, paired with dense hair, skin, head-geometry and signal-power measurements.",690,115 participants × 6 task/run files,BIDS NIRS; SNIRF,verified,180,360,Published protocol: 3-minute rest runs and 6-minute ball-squeezing runs.,partial,onset; duration; trial_type/value; task-specific event labels || format=BIDS events.tsv and events.json where supplied || level=event/run || status=verified || evidence=snapshot file tree and event headers,ball-squeeze/rest event markers and loading utilities || format=events.tsv; MATLAB || level=event/run || status=verified || evidence=repository file listing/README or canonical study metadata,age; gender; skin pigmentation/tone; hair colour/shape/texture; head geometry; dense hair microscopy metrics || format=participants.tsv and participants.json || level=participant || status=verified || evidence=snapshot participant table,,,,,channel status/types; source/detector optode coordinates; coordinate-system metadata || format=BIDS channels.tsv; optodes.tsv/coordsystem.json when present || level=channel/run/participant || status=verified || evidence=snapshot file tree,,,per-channel PercentPower_1..520 signal-power metrics || format=participants.tsv || level=participant/channel || status=verified || evidence=repository file listing/README or canonical study metadata
openneuro:ds006459,OpenNeuro,1.0.0,High-DensityvSparsefNIRS_WordColorStroop_Sparse_Anderson_2025,Sparse-montage arm of a high-density versus sparse fNIRS comparison.,Not stated,17,fNIRS,Word-color Stroop; sparse montage,BIDS 1.8.0; NIRS,177 MB,CC0,https://openneuro.org/datasets/ds006459/versions/1.0.0,Web; OpenNeuro CLI,verified-core,References field is empty.,https://doi.org/10.18112/openneuro.ds006459.v1.0.0,Sparse-array fNIRS during a word-colour Stroop task contrasting congruent and incongruent trials.,17,unique *_nirs.snirf files,BIDS NIRS; SNIRF,verified,375.72608,595.80416,SNIRF sample durations across 17 raw recordings.,verified,onset; duration; trial_type/value; task-specific event labels || format=BIDS events.tsv and events.json where supplied || level=event/run || status=verified || evidence=snapshot file tree and event headers,,age; sex; handedness; head circumference; nasion-inion; ear-ear; array order; cap size || format=participants.tsv and participants.json || level=participant || status=verified || evidence=snapshot participant table,,,,,channel status/types; source/detector optode coordinates; coordinate-system metadata || format=BIDS channels.tsv; optodes.tsv/coordsystem.json when present || level=channel/run/participant || status=verified || evidence=snapshot file tree,,,
openneuro:ds006460,OpenNeuro,1.0.0,High-DensityvSparsefNIRS_WordColorStroop_HD_Anderson_2025,High-density arm of a high-density versus sparse fNIRS comparison.,Not stated,17,fNIRS,Word-color Stroop; high-density montage,BIDS 1.8.0; NIRS,482 MB,CC0,https://openneuro.org/datasets/ds006460/versions/1.0.0,Web; OpenNeuro CLI,verified-core,References field is empty.,https://doi.org/10.18112/openneuro.ds006460.v1.0.0,"High-density-array fNIRS during the same word-colour Stroop contrast as ds006459, enabling montage comparison.",17,unique *_nirs.snirf files,BIDS NIRS; SNIRF,verified,377.954304,661.46304,SNIRF sample durations across 17 raw recordings.,verified,onset; duration; trial_type/value; task-specific event labels || format=BIDS events.tsv and events.json where supplied || level=event/run || status=verified || evidence=snapshot file tree and event headers,,age; sex; handedness; head circumference; nasion-inion; ear-ear; array order; cap size || format=participants.tsv and participants.json || level=participant || status=verified || evidence=snapshot participant table,,,,,channel status/types; source/detector optode coordinates; coordinate-system metadata || format=BIDS channels.tsv; optodes.tsv/coordsystem.json when present || level=channel/run/participant || status=verified || evidence=snapshot file tree,,,
openneuro:ds006545,OpenNeuro,1.0.0,Reliability-Dubois2024,Test-retest reliability of metrics from a time-domain fNIRS system.,Not stated,49,fNIRS,Auditory; reliability; two sessions,BIDS 1.6.0; NIRS,50.1 GB,CC0,https://openneuro.org/datasets/ds006545/versions/1.0.0,Web; OpenNeuro CLI,verified-core,Deleted duplicate ds006528 redirects here.,https://doi.org/10.18112/openneuro.ds006545.v1.0.0,"Two-session test-retest auditory paradigm alternating narrated story, noise and silence on a time-domain fNIRS system.",98,49 participants × 2 sessions,BIDS NIRS; SNIRF,verified,450,450,"Published protocol: 15 × 20-second blocks, 10-second initial rest and 14 × 10-second inter-block intervals.",partial,onset; duration; trial_type/value; task-specific event labels || format=BIDS events.tsv and events.json where supplied || level=event/run || status=verified || evidence=snapshot file tree and event headers,,species; age; sex; handedness || format=participants.tsv and participants.json || level=participant || status=verified || evidence=snapshot participant table,,,,,channel status/types; source/detector optode coordinates; coordinate-system metadata || format=BIDS channels.tsv; optodes.tsv/coordsystem.json when present || level=channel/run/participant || status=verified || evidence=snapshot file tree,,,
openneuro:ds006673,OpenNeuro,1.0.4,ball_squeeze_Carlton_2025,Ball-squeezing and resting-state fNIRS.,Not stated,17,fNIRS,Ball squeeze; rest,BIDS 1.8.0; NIRS,8.35 GB,CC0,https://openneuro.org/datasets/ds006673/versions/1.0.4,Web; OpenNeuro CLI,metadata-warning,References field still contains template text.,https://openneuro.org/datasets/ds006673/versions/1.0.4,"Three 360-s ball-squeeze runs with pseudorandom left/right 5-s cues and one still-fixation resting run; only 16 of 17 participants have rest, and demographics include skin/hair/head variables.",67,unique *_nirs.snirf rest/ball-squeeze files,BIDS NIRS; SNIRF,verified,360,360,Published protocol: 6-minute resting and ball-squeezing runs.,partial,onset; duration; trial_type/value; task-specific event labels || format=BIDS events.tsv and events.json where supplied || level=event/run || status=verified || evidence=snapshot file tree and event headers,,ethnicity; race; sex; age; handedness; head geometry; melanin index; skin tone; hair colour/shape/texture || format=participants.tsv and participants.json || level=participant || status=verified || evidence=snapshot participant table,,original form responses || format=CSV; JSON || level=participant || status=verified || evidence=repository file listing/README or canonical study metadata,,,channel status/types; source/detector optode coordinates; coordinate-system metadata || format=BIDS channels.tsv; optodes.tsv/coordsystem.json when present || level=channel/run/participant || status=verified || evidence=snapshot file tree,,,
openneuro:ds006902,OpenNeuro,1.1.1,Profound neuronal differences during Exercise-Induced Hypoalgesia between athletes and non-athletes revealed by functional near-infrared spectroscopy,Pain-related fNIRS in exercise-induced hypoalgesia.,Athletes and non-athletes,42,fNIRS,Pain,BIDS 1.7.0; NIRS,5.91 GB,CC0,https://openneuro.org/datasets/ds006902/versions/1.1.1,Web; OpenNeuro CLI,verified-core,,https://doi.org/10.18112/openneuro.ds006902.v1.1.1,"Pressure-pain tests before and after high-intensity interval training, with seated rest, warm-up, exercise intervals, recovery and cool-down; athletes and non-athletes are compared.",42,unique *_nirs.snirf files,BIDS NIRS; SNIRF,verified,2150.4333,2981.4762,SNIRF sample durations across 42 raw recordings.,verified,onset; duration; trial_type/value; task-specific event labels || format=BIDS events.tsv and events.json where supplied || level=event/run || status=verified || evidence=snapshot file tree and event headers,,athlete/non-athlete group assignment from subject-ID ranges || format=README || level=participant || status=partial || evidence=README group mapping || notes=participants.tsv age/sex/handedness/weight/height columns are all n/a.,,,,,channel status/types; optode/coordinate tables absent from current snapshot || format=BIDS channels.tsv; optodes.tsv/coordsystem.json when present || level=channel/run/participant || status=verified || evidence=snapshot file tree,,,
openneuro:ds006903,OpenNeuro,1.0.0,ball_squeeze_2025,Ball-squeezing and resting-state fNIRS.,Not stated,17,fNIRS,Ball squeeze; rest,BIDS 1.8.0; NIRS,5.83 GB,CC0,https://openneuro.org/datasets/ds006903/versions/1.0.0,Web; OpenNeuro CLI,metadata-warning,Authors and references contain unfilled template text; relationship to ds006673 requires manual confirmation.,https://doi.org/10.18112/openneuro.ds006903.v1.0.0,"Paths are labelled ball squeeze and rest, but both event tables contain only a zero-time dummy event; the scientific protocol is not recoverable from canonical metadata.",67,67 unique SNIRF files (51 BS and 16 RS); related to ds006673 but not content-identical,BIDS NIRS; SNIRF,metadata-warning,348.03125,429.98125,SNIRF sample durations across 67 raw recordings.,verified,onset; duration; trial_type/value; task-specific event labels || format=BIDS events.tsv and events.json where supplied || level=event/run || status=verified || evidence=snapshot file tree and event headers,,ethnicity; race; sex; age; handedness; head geometry; melanin index; skin tone; hair colour/shape/texture || format=participants.tsv and participants.json || level=participant || status=verified || evidence=snapshot participant table,,,,,channel status/types; source/detector optode coordinates; coordinate-system metadata || format=BIDS channels.tsv; optodes.tsv/coordsystem.json when present || level=channel/run/participant || status=verified || evidence=snapshot file tree,,,
openneuro:ds007420,OpenNeuro,1.0.4,Open-access Multi-Distance fNIRS Dataset Generated During Ball-Squeezing and Motion-Artifact Induction Tasks,Multi-distance recordings for motor response and motion-artifact methods.,Not stated,12,fNIRS,Ball squeeze; induced motion; rest,BIDS 1.7.1; NIRS,588 MB,CC0,https://openneuro.org/datasets/ds007420/versions/1.0.4,Web; OpenNeuro CLI; NEMAR mirror,verified-core,Deleted duplicate ds004929 redirects here.,https://doi.org/10.18112/openneuro.ds007420.v1.0.4,"Three ball-squeezing runs, rest and an induced-motion session with six labeled artifact classes; multi-distance channels support short-separation/artifact analyses.",60,unique *_nirs.snirf participant × session × task × run files,BIDS NIRS; SNIRF,verified,295.637,524.583,SNIRF sample timelines across all 60 raw recordings.,verified,onset; duration; trial_type/value; task-specific event labels || format=BIDS events.tsv and events.json where supplied || level=event/run || status=verified || evidence=snapshot file tree and event headers,,,,,,,channel status/types; source/detector optode coordinates; coordinate-system metadata || format=BIDS channels.tsv; optodes.tsv/coordsystem.json when present || level=channel/run/participant || status=verified || evidence=snapshot file tree,,,
openneuro:ds007463,OpenNeuro,1.1.1,Very-High-Density Diffuse Optical Tomography System Validation Dataset,Validation dataset for a very-high-density DOT system.,Not stated,8,fNIRS; MRI,System validation; motor and movie tasks,BIDS 1.11.0; NIRS; MRI,74.4 GB,CC0,https://openneuro.org/datasets/ds007463/versions/1.1.1,Web; OpenNeuro CLI,verified-core,Many coded task labels are not self-describing.,https://doi.org/10.18112/openneuro.ds007463.v1.1.1,"VHD-DOT and fMRI validation with auditory word, visual checkerboard, left/right motor and movie-viewing localizers; optical sessions precede MRI sessions.",88,unique raw optical *_nirs.snirf files; MRI and derivatives excluded,BIDS NIRS; SNIRF,verified,2.432,1387.136,SNIRF sample count divided by sampling rate across all 88 raw recordings.,verified,onset; duration; trial_type/value; task-specific event labels || format=BIDS events.tsv and events.json where supplied || level=event/run || status=verified || evidence=snapshot file tree and event headers,,,,,,,channel status/types; source/detector optode coordinates; coordinate-system metadata || format=BIDS channels.tsv; optodes.tsv/coordsystem.json when present || level=channel/run/participant || status=verified || evidence=snapshot file tree,,"task fMRI, anatomical MRI and preprocessed fMRI derivatives || format=NIfTI; TSV/JSON; MATLAB || level=session/run/voxel || status=verified || evidence=repository file listing/README or canonical study metadata",
openneuro:ds007473,OpenNeuro,1.0.0,High-Density Diffuse Optical Tomography Audiovisual Movie Viewing Dataset,High-density DOT during audiovisual movie viewing.,Not stated,5,fNIRS,Audiovisual movie viewing,BIDS 1.11.0; NIRS,39.0 GB,CC0,https://openneuro.org/datasets/ds007473/versions/1.0.0,Web; OpenNeuro CLI,verified-core,Many coded task labels are not self-describing.,https://doi.org/10.18112/openneuro.ds007473.v1.0.0,"HD-DOT functional localizers (checkerboard, auditory words, left/right motor) and repeated audiovisual naturalistic movie runs across adult and child participants.",189,unique raw *_nirs.snirf files; derivatives excluded,BIDS NIRS; SNIRF,verified,603.264,1328.256,SNIRF sample count divided by sampling rate across all 189 raw recordings.,verified,onset; duration; trial_type/value; task-specific event labels || format=BIDS events.tsv and events.json where supplied || level=event/run || status=verified || evidence=snapshot file tree and event headers,,,,,,,channel status/types; source/detector optode coordinates; coordinate-system metadata || format=BIDS channels.tsv; optodes.tsv/coordsystem.json when present || level=channel/run/participant || status=verified || evidence=snapshot file tree,"checkerboard, auditory-word and naturalistic audiovisual movie conditions || format=event labels; publication-defined media || level=event/run || status=verified || evidence=repository file listing/README or canonical study metadata",,
openneuro:ds007477,OpenNeuro,1.0.1,TimeSeries BIDS converted,Repository metadata describes a converted NIRS time series.,Not stated,18,fNIRS,ort,BIDS 1.7.0; NIRS,9.4 KB,CC0,https://openneuro.org/datasets/ds007477/versions/1.0.1,Web; OpenNeuro CLI,metadata-warning,Metadata-only placeholder: nominal SNIRF files are invalid 26-byte text payloads; derivative TSVs inspected contain only a zero sample.,https://doi.org/10.18112/openneuro.ds007477.v1.0.1,"Unusable placeholder conversion from a two-session haemoglobin time series: task label ort is undefined, events are absent and all 36 nominal SNIRF paths contain the same 26-byte non-HDF5 dummy payload.",0,36 nominal SNIRF paths collapse to one invalid dummy_hdf5_header_bypass payload; no analyzable raw recording,BIDS NIRS; SNIRF,metadata-warning,,,No analyzable raw duration: all nominal SNIRF files are invalid 26-byte placeholders.,unavailable,No valid events or analyzable raw recording || format=not available || level=run || status=metadata-warning || evidence=snapshot content inspection,,,,,,,channel status/types; optode/coordinate tables absent from current snapshot || format=BIDS channels.tsv; optodes.tsv/coordsystem.json when present || level=channel/run/participant || status=metadata-warning || evidence=snapshot file tree,,,
openneuro:ds007554,OpenNeuro,1.0.0,Multimodal dataset from the CMx7-MM Experiment,Multimodal cognitive and motor experiment.,Not stated,30,EEG; fNIRS; behavior,Motor imagery; arithmetic; n-back; active/passive motor,BIDS 1.8.0; EEG; NIRS; behavior,4.52 GB,CC0,https://openneuro.org/datasets/ds007554/versions/1.0.0,Web; OpenNeuro CLI,verified-core,,https://doi.org/10.18112/openneuro.ds007554.v1.0.0,"Three sessions of seven 3-minute tasks: mental arithmetic, auditory 2-back, right-arm motor imagery, passive and active Biodex movement, combined n-back/arithmetic, and a full cognitive-motor condition.",519,unique *_nirs.snirf files; incomplete participant/session/task combinations retained,BIDS NIRS; SNIRF,verified,215.020,215.103,"SNIRF sample timelines across all 519 raw recordings, including corrected 50 Hz files.",verified,onset; duration; trial_type/value; task-specific event labels || format=BIDS events.tsv and events.json where supplied || level=event/run || status=verified || evidence=snapshot file tree and event headers,push-button responses; torque; task triggers || format=BIDS physio TSV.GZ + events.tsv || level=event/sample || status=verified || evidence=repository file listing/README or canonical study metadata,age; sex; handedness || format=participants.tsv and participants.json || level=participant || status=verified || evidence=snapshot participant table,,Karolinska sleepiness and cognitive-load ratings || format=phenotypic/subjective fields described in README || level=participant/session || status=verified || evidence=repository file listing/README or canonical study metadata,ECG and Biodex torque/kinematics || format=BIDS physio TSV.GZ + JSON || level=run/sample || status=verified || evidence=repository file listing/README or canonical study metadata,,channel status/types; optode/coordinate tables absent from current snapshot || format=BIDS channels.tsv; optodes.tsv/coordsystem.json when present || level=channel/run/participant || status=verified || evidence=snapshot file tree,,32-channel simultaneous EEG || format=EDF; BIDS EEG TSV/JSON || level=run/sample || status=verified || evidence=repository file listing/README or canonical study metadata,
openneuro:ds007714,OpenNeuro,1.0.0,Cambridge_data,Visual-task fNIRS dataset; repository description is not informative.,Not stated,64,fNIRS,Visual,BIDS 1.10.0; NIRS,1.34 GB,CC0,https://openneuro.org/datasets/ds007714/versions/1.0.0,Web; OpenNeuro CLI,metadata-warning,Generic title and template references; scientific design needs external verification.,https://doi.org/10.18112/openneuro.ds007714.v1.0.0,"Single visual-task recording with event codes A, B and Z; the repository supplies no scientific mapping of those codes.",64,unique *_nirs.snirf files,BIDS NIRS; SNIRF,verified,470.200,647.600,SNIRF sample timelines across 63 analyzable recordings; one truncated invalid file excluded.,verified,onset; duration; trial_type/value; task-specific event labels || format=BIDS events.tsv and events.json where supplied || level=event/run || status=verified || evidence=snapshot file tree and event headers,,,,,,,channel status/types; optode/coordinate tables absent from current snapshot || format=BIDS channels.tsv; optodes.tsv/coordsystem.json when present || level=channel/run/participant || status=verified || evidence=snapshot file tree,,,
openneuro:ds007719,OpenNeuro,1.0.0,Cambridge_data_resting,Resting-state fNIRS dataset; repository description is not informative.,Not stated,65,fNIRS,Resting state,BIDS 1.10.0; NIRS,9.27 GB,CC0,https://openneuro.org/datasets/ds007719/versions/1.0.0,Web; OpenNeuro CLI,metadata-warning,Generic title and template references; scientific design needs external verification.,https://doi.org/10.18112/openneuro.ds007719.v1.0.0,Single resting-state recording per participant with event code G; repository documentation does not define the code or acquisition instruction.,65,unique *_nirs.snirf files,BIDS NIRS; SNIRF,verified,307.280,1446.720,SNIRF sample count divided by sampling rate across all 65 raw recordings.,verified,onset; duration; trial_type/value; task-specific event labels || format=BIDS events.tsv and events.json where supplied || level=event/run || status=verified || evidence=snapshot file tree and event headers,,,,,,,channel status/types; optode/coordinate tables absent from current snapshot || format=BIDS channels.tsv; optodes.tsv/coordsystem.json when present || level=channel/run/participant || status=verified || evidence=snapshot file tree,,,
openneuro:ds007738,OpenNeuro,1.0.0,Whole-Head Cocktail Party fNIRS,Whole-head fNIRS for overt/covert attention and cocktail-party paradigms.,Not stated,38,fNIRS,Overt/covert attention; visual orienting; rest; video,BIDS 1.7.1; NIRS,38.8 GB,CC0,https://openneuro.org/datasets/ds007738/versions/1.0.0,Web; OpenNeuro CLI,verified-core,,https://doi.org/10.18112/openneuro.ds007738.v1.0.0,"Cocktail-party overt/covert attention, visual orienting and rest; longvisualorient and videoattend are alternate event alignments for the same 24 raw recordings and must not be counted twice.",199,199 unique SNIRF contents; 223 paths include 24 content-identical longvisualorient/videoattend aliases,BIDS NIRS; SNIRF,verified,315.060,839.604,Raw SNIRF sample metadata; duplicate event-alignment aliases were deduplicated.,verified,onset; duration; trial_type/value; task-specific event labels || format=BIDS events.tsv and events.json where supplied || level=event/run || status=verified || evidence=snapshot file tree and event headers,response_correct; gaze_ok; include || format=events.tsv || level=event || status=verified || evidence=snapshot event headers,,,,simultaneous eye-tracking coordinates/quality || format=BIDS physio TSV + JSON || level=run/sample || status=verified || evidence=repository file listing/README or canonical study metadata,,channel status/types; optode/coordinate tables absent from current snapshot || format=BIDS channels.tsv; optodes.tsv/coordsystem.json when present || level=channel/run/participant || status=verified || evidence=snapshot file tree,audio-only and audiovisual lateralized clips || format=event-aligned stimulus protocol || level=event/run || status=verified || evidence=repository file listing/README or canonical study metadata,,
openneuro:ds007816,OpenNeuro,1.0.1,Visual Semantic Encoding and Identification of Naturalistic Movies via High-Density Diffuse Optical Tomography,Semantic encoding and identification from naturalistic movies using HD-DOT.,Not stated,6,fNIRS; MRI,Naturalistic movies; training and validation,BIDS 1.11.0; NIRS; MRI,138 GB,CC0,https://openneuro.org/datasets/ds007816/versions/1.0.1,Web; OpenNeuro CLI,verified-core,Many coded task labels are not self-describing.,https://doi.org/10.18112/openneuro.ds007816.v1.0.1,"Three HD-DOT sessions and one fMRI session: 12 unique 10-minute training movies, nine 1-minute validation clips repeated ten times, plus auditory-word and visual-checkerboard localizers.",178,unique raw HD-DOT *_nirs.snirf files; fMRI and derivatives excluded,BIDS NIRS; SNIRF,verified,,,Raw objects are archived and inaccessible; protocol does not specify every run type.,unavailable,onset; duration; trial_type/value; task-specific event labels; WordNet semantic feature matrix and category graph || format=BIDS events.tsv and events.json where supplied; HDF5; TXT; DOT || level=event/run; time/category || status=verified || evidence=snapshot file tree and event headers; repository file listing/README or canonical study metadata,,,,,,,channel status/types; source/detector optode coordinates; coordinate-system metadata || format=BIDS channels.tsv; optodes.tsv/coordsystem.json when present || level=channel/run/participant || status=verified || evidence=snapshot file tree,12 training movies and nine repeated validation clips || format=event labels; Nishimoto movie set || level=run/event || status=verified || evidence=repository file listing/README or canonical study metadata,task fMRI and defaced T1w anatomy; processed fMRI || format=NIfTI; MATLAB || level=session/run/voxel || status=verified || evidence=repository file listing/README or canonical study metadata,
openneuro:ds007990,OpenNeuro,1.0.0,Subjective tinnitus severity correlates with objective changes in human auditory cortex as measured by functional near-infrared spectroscopy,Auditory-cortex fNIRS related to subjective tinnitus severity.,Not stated,63,fNIRS,Tinnitus,BIDS 1.7.0; NIRS,289 MB,CC0,https://openneuro.org/datasets/ds007990/versions/1.0.0,Web; OpenNeuro CLI,verified-core,,https://doi.org/10.18112/openneuro.ds007990.v1.0.0,Auditory-cortex recording alternating silence and broadband noise in tinnitus and control groups; participant group and source labels are retained.,63,unique *_nirs.snirf files,BIDS NIRS; SNIRF,verified,959.054,1178.468,SNIRF sample timelines across all 63 raw recordings.,verified,onset; duration; trial_type/value; task-specific event labels || format=BIDS events.tsv and events.json where supplied || level=event/run || status=verified || evidence=snapshot file tree and event headers,,group; original_label; age; sex || format=participants.tsv and participants.json || level=participant || status=verified || evidence=snapshot participant table,,,,,channel status/types; optode/coordinate tables absent from current snapshot || format=BIDS channels.tsv; optodes.tsv/coordsystem.json when present || level=channel/run/participant || status=verified || evidence=snapshot file tree,,,
openneuro:ds008192,OpenNeuro,1.0.0,InterGenSynch,Intergenerational synchrony during a drawing task.,Not stated,122,fNIRS,Drawing,BIDS 1.7.0; NIRS,2.79 GB,CC0,https://openneuro.org/datasets/ds008192/versions/1.0.0,Web; OpenNeuro CLI,verified-core,,https://doi.org/10.18112/openneuro.ds008192.v1.0.0,Six weekly hyperscanning sessions for intergenerational and same-generation dyads: individual and collaborative drawing plus changing collaborative activities; the advertised behavioral/questionnaire sourcedata are absent from snapshot 1.0.0.,725,unique participant × session × task × run *_nirs.snirf files,BIDS NIRS; SNIRF,verified,69.690,2058.642,SNIRF sample timelines across all 725 raw recordings.,verified,onset; duration; trial_type/value; task-specific event labels || format=BIDS events.tsv and events.json where supplied || level=event/run || status=verified || evidence=snapshot file tree and event headers,,age; sex || format=participants.tsv and participants.json || level=participant || status=verified || evidence=snapshot participant table,,,,,channel status/types; source/detector optode coordinates; coordinate-system metadata || format=BIDS channels.tsv; optodes.tsv/coordsystem.json when present || level=channel/run/participant || status=verified || evidence=snapshot file tree,,,"README-advertised behavior, drawings, motion capture, interviews and questionnaires are absent from the public snapshot || format=not released || level=dataset || status=metadata-warning || evidence=snapshot tree versus README"
physionet:mental-fnirs,PhysioNet,1.0,Mental workload during n-back task captured by TCD and fNIRS,Frontal fNIRS and transcranial Doppler during graded n-back workload.,Healthy young adults,14,fNIRS; TCD; behavior,0-back; 1-back; 2-back,NIRx raw intensity; CSV; metadata,231 MB uncompressed,PhysioNet Contributor Review Health Data License 1.5.0,https://physionet.org/content/mental-fnirs/1.0/,Web ZIP; wget,verified-core,Use is also subject to the PhysioNet Health Data Use Agreement 1.5.0.,https://doi.org/10.13026/zfb2-1g43,"A continuous subject recording spans graded 0-, 1- and 2-back blocks; frontal NIRx intensity, TCD velocity and task-summary/accuracy data are aligned by events.",12,12 complete NIRx raw recording stems in the public file listing,NIRx raw intensity (.wl1/.wl2 with .hdr/.evt/.set/.tpl),verified,660,660,Repository description reports approximately 11 minutes per raw NIRx recording.,partial,"0-back; 1-back; 2-back condition/task labels || format=source-specific events, triggers or task tables || level=event/block/run || status=verified || evidence=canonical repository metadata/file listing",n-back summary/performance || format=CSV || level=participant/block || status=verified || evidence=repository file listing/README or canonical study metadata,,,,,,,,bilateral transcranial Doppler velocity || format=CSV || level=participant/sample || status=verified || evidence=repository file listing/README or canonical study metadata,
physionet:motion-artifact,PhysioNet,1.0.0,Motion Artifact Contaminated fNIRS and EEG Data,Paired clean and motion-contaminated signals with accelerometers for artifact-removal validation.,Not stated,,fNIRS; EEG; accelerometry,Induced motion artifacts,CSV; WFDB,649.9 MB uncompressed,ODC Attribution 1.0,https://physionet.org/content/motion-artifact/1.0.0/,Web ZIP; wget; anonymous S3,verified-core,Nine fNIRS trials and 23 EEG trials; repository does not state participant count.,https://doi.org/10.13026/C2988P,Nine fNIRS trials contain paired clean and deliberately motion-contaminated intervals with accelerometry and triggers for validating artifact-removal methods.,9,nine fnirs_N WFDB records in the public file listing,WFDB (.dat/.hea) and CSV ZIP,verified,480.040,545.115,WFDB header sample counts divided by 200 Hz across 9 fNIRS records.,verified,"Induced motion artifacts condition/task labels || format=source-specific events, triggers or task tables || level=event/block/run || status=verified || evidence=canonical repository metadata/file listing",,,,,,accelerometer and clean/contaminated trigger annotations || format=WFDB/CSV; .trigger || level=trial/sample || status=verified || evidence=repository file listing/README or canonical study metadata,,,23 EEG artifact trials || format=WFDB and CSV ZIP || level=trial/sample || status=verified || evidence=repository file listing/README or canonical study metadata,
physionet:multimodal-nback-music,PhysioNet,1.0.0,A Multimodal Dataset for Investigating Working Memory in Presence of Music,Working-memory task under calming and exciting music with physiological and behavioral signals.,Not stated,5,fNIRS; ECG; PPG; EDA; respiration; EMG; behavior,1-back and 3-back; calming/exciting music,NIRSport 2 processed data; heterogeneous files,1.6 GB uncompressed,ODC Attribution 1.0,https://physionet.org/content/multimodal-nback-music/1.0.0/,Web ZIP; wget,verified-core,Eleven originally participated; the modality table shows five subjects with fNIRS and complete core modalities.,https://doi.org/10.13026/6vh4-dk68,"Participants performed 1-back and 3-back under calming and exciting music; task responses, fNIRS haemoglobin series, physiology, wrist signals and facial-expression outputs are synchronized.",5,five participant-level fNIRS time-series sets; conditions share each series,Processed HbO/HbR/HbT and oxygenation CSV time series,verified,,,Only processed Hb/O2 CSV derivatives are released; no raw fNIRS recording.,unavailable,"1-back and 3-back; calming/exciting music condition/task labels || format=source-specific events, triggers or task tables || level=event/block/run || status=verified || evidence=canonical repository metadata/file listing",calming/vexing condition task responses || format=CSV || level=participant/trial || status=verified || evidence=repository file listing/README or canonical study metadata,,,,ECG; EDA; EMG; PPG; respiration; skin temperature || format=CSV || level=participant/sample || status=verified || evidence=repository file listing/README or canonical study metadata,wrist accelerometry || format=CSV || level=participant/sample || status=verified || evidence=repository file listing/README or canonical study metadata,,,BVP/HR/IBI and facial-expression detailed/state outputs || format=CSV; TXT || level=participant/sample/frame || status=verified || evidence=repository file listing/README or canonical study metadata,
physionet:neuro-stress-resilience-hci,PhysioNet,1.0.0,Neurophysiological Dataset of Stress Resilience During Human-Computer Interaction,MATB-II stress and recovery protocol with multimodal neurophysiology.,Adults; two excluded before release,35,EEG; fNIRS; eye tracking; EDA; BVP; HR/IBI; accelerometry,Baseline; stress; recovery,Heterogeneous multimodal files,19.1 GB uncompressed,ODC Open Database License 1.0,https://physionet.org/content/neuro-stress-resilience-hci/1.0.0/,Web ZIP; wget,verified-core,,https://doi.org/10.13026/x3vc-p627,"MATB-II human-computer interaction protocol with baseline, stress and recovery phases; workload performance is paired with integrated EEG/fNIRS/eye and peripheral physiology.",35,35 participant-level integrated EEG/fNIRS CSV recordings,Integrated multichannel CSV,verified,1860,1860,Published protocol reports approximately 31 minutes per integrated EEG/fNIRS recording.,partial,"Baseline; stress; recovery condition/task labels || format=source-specific events, triggers or task tables || level=event/block/run || status=verified || evidence=canonical repository metadata/file listing",MATB-II resource-management performance || format=CSV || level=participant/event || status=verified || evidence=repository file listing/README or canonical study metadata,demographics and cardiovascular-disease risk || format=CSV || level=participant || status=verified || evidence=repository file listing/README or canonical study metadata,,,EDA; BVP; HR; IBI; skin temperature || format=CSV || level=participant/sample || status=verified || evidence=repository file listing/README or canonical study metadata,accelerometry || format=CSV || level=participant/sample || status=verified || evidence=repository file listing/README or canonical study metadata,frontal fNIRS and 32-channel EEG coordinates || format=XYZ || level=dataset/channel || status=verified || evidence=repository file listing/README or canonical study metadata,,EEG and eye tracking || format=integrated CSV; XLSX || level=participant/sample || status=verified || evidence=repository file listing/README or canonical study metadata,
tufts:fnirs2mw-visual,Tufts HCI Lab,release-current,Tufts fNIRS to Mental Workload Dataset (fNIRS2MW Visual),Forehead fNIRS and labels for cross-subject mental-workload classification.,Not stated,87,fNIRS,Visual 0/1/2/3-back,Raw and processed tabular time series,,CC-BY-4.0,https://tufts.box.com/s/1e0831syu1evlmk9zx2pukpl3i32md6r,Public Box folder,verified-core,87 raw sessions are released; 68 participants form the recommended quality-filtered cohort.,https://tufts-hci-lab.github.io/code_and_datasets/fNIRS2MW.html,"Visual 0-, 1-, 2- and 3-back workload levels; forehead fNIRS is supplied as raw/processed time series and labelled windows for cross-subject classification.",87,87 released participant sessions; 68 are the recommended quality-filtered ML cohort,Raw and processed tabular fNIRS time series,partial,1800,3600,Dataset page reports one 30–60-minute raw session per participant.,partial,"Visual 0/1/2/3-back condition/task labels || format=source-specific events, triggers or task tables || level=event/block/run || status=partial || evidence=canonical repository metadata/file listing",digit-level task accuracy and 0/1/2/3-back labels || format=CSV || level=participant/block/trial || status=verified || evidence=Tufts dataset page,age; gender/sex; race/ethnicity; handedness; vision; language; sleep; caffeine; drugs; head injury; prior task/sensor experience || format=CSV || level=participant || status=verified || evidence=Tufts dataset page,,"NASA-TLX movement, discomfort, mental demand, effort and frustration; interviews || format=CSV; logs || level=participant/block || status=verified || evidence=Tufts dataset page",,,,,,
tufts:fnirs2mw-audio,Tufts HCI Lab,release-current,NIRS-X / fNIRS2MW Audio n-back,Audio n-back companion dataset for transfer and adaptive learning.,Not stated,53,fNIRS,Audio n-back,Raw and processed tabular time series,,CC-BY-4.0,https://tufts.box.com/s/t87j27ha7b7spitmtcm5nbltfnld5ekh,Public Box folder,verified-core,53 raw sessions are released; 52 participants form the recommended quality-filtered cohort.,https://tufts-hci-lab.github.io/code_and_datasets/NIRS-X.html,Audio n-back workload protocol used for transfer/adaptive-learning experiments; raw and processed forehead fNIRS and workload labels are provided.,53,53 released participant sessions; 52 are the recommended quality-filtered cohort,Raw and processed tabular fNIRS time series,partial,1800,3600,Dataset page reports one 30–60-minute raw session per participant.,partial,"Audio n-back condition/task labels || format=source-specific events, triggers or task tables || level=event/block/run || status=partial || evidence=canonical repository metadata/file listing",task accuracy and 0/1/2/3-back labels || format=CSV || level=participant/block/trial || status=verified || evidence=Tufts NIRS-X page,demographic and contextual fields analogous to visual cohort || format=CSV || level=participant || status=verified || evidence=Tufts NIRS-X page,,per-block NASA-TLX; logs and interviews || format=CSV; logs || level=participant/block || status=verified || evidence=Tufts NIRS-X page,,,,,,
osf:sm7yt,OSF,project-current,An fNIRS hyperscanning dataset on the modulation of synchrony by social relationship during social touch,"Dyadic fNIRS, behavior, and questionnaires under touch/no-touch while viewing emotional images.",Female friend and stranger dyads,94,fNIRS,Hyperscanning; social touch; emotional images,Raw and preprocessed files,,CC-BY-4.0,https://osf.io/sm7yt/,Public OSF Storage,verified-core,47 dyads correspond to 94 participants; both values should be retained in analyses.,https://doi.org/10.17605/OSF.IO/SM7YT,Friend and stranger female dyads viewed emotional images under touch and no-touch conditions during hyperscanning; behavioural responses and relationship/affect questionnaires accompany the signals.,141,47 dyads × three raw block directories; pair-level hyperscanning units,Raw and preprocessed fNIRS files; repository-specific layout,partial,300,,Protocol confirms a 5-minute block 3; self-paced blocks 1–2 have no defensible maximum without raw sample counts.,partial,"Hyperscanning; social touch; emotional images condition/task labels || format=source-specific events, triggers or task tables || level=event/block/run || status=partial || evidence=canonical repository metadata/file listing",emotional-image responses and touch/no-touch condition || format=repository tables || level=dyad/event || status=partial || evidence=repository file listing/README or canonical study metadata,,,social relationship and affect questionnaires || format=repository tables || level=participant/dyad || status=partial || evidence=repository file listing/README or canonical study metadata,,,,,,
osf:f6tdk,OSF,project-current,Analysis methods for measuring passive auditory fNIRS responses generated by a block-design paradigm,BIDS dataset for comparing passive-auditory fNIRS analysis pipelines.,Not stated,17,fNIRS,Passive auditory block design,BIDS; SNIRF,,No license specified,https://osf.io/f6tdk/,Public OSF Storage,partial,"OSF API confirms public access and BIDS/SNIRF tags but has no attached license. N=17 comes from OpenfNIRS, not OSF metadata.",https://doi.org/10.17605/osf.io/f6tdk,Passive auditory block-design dataset published to compare fNIRS analysis methods; BIDS events define auditory stimulation and rest.,17,reported BIDS/SNIRF participant recordings; OSF file-level count not independently enumerated,BIDS NIRS; SNIRF,partial,1206.144,2005.056,SNIRF sample counts and time spacing across all 17 raw files.,verified,"Passive auditory block design condition/task labels || format=source-specific events, triggers or task tables || level=event/block/run || status=partial || evidence=canonical repository metadata/file listing",,,,,,,,,,
figshare:12383639,Figshare,3,hygrip.h5,"EEG, NIRS, EMG, force, breathing, and eye-movement signals during dynamic grip-force control.",Right-handed participants,14,NIRS; EEG; EMG; force; respiration; eye movement,Dynamic unimanual grip force,HDF5,4.64 GB,MIT,https://ndownloader.figshare.com/files/22837760,Direct file download,verified-core,"Earlier article text describes CC-BY, but current Figshare v3 metadata licenses the deposited dataset as MIT; repository metadata is used here.",https://doi.org/10.6084/m9.figshare.12383639.v3,"Right-handed participants tracked a dynamic unimanual grip-force target while NIRS, EEG, EMG, force, respiration and eye movements were recorded together.",14,14 participant groups in the HDF5 study; single container file,HDF5 participant groups,partial,1128.4,1578.8,"Primary HDF5 participant groups: 14,105–19,735 NIRS samples at 12.5 Hz.",verified,"Dynamic unimanual grip force condition/task labels || format=source-specific events, triggers or task tables || level=event/block/run || status=partial || evidence=canonical repository metadata/file listing",target and measured grip force || format=HDF5 arrays || level=participant/sample || status=partial || evidence=repository file listing/README or canonical study metadata,,,,EMG and respiration || format=HDF5 arrays || level=participant/sample || status=partial || evidence=repository file listing/README or canonical study metadata,,,,EEG and eye movement || format=HDF5 arrays || level=participant/sample || status=partial || evidence=repository file listing/README or canonical study metadata,
zenodo:7966830,Zenodo,1.0.0,Functional Near-Infrared Spectroscopy in Parkinson's Disease,"Finger tapping, walking, and resting-state fNIRS in Parkinson's disease and matched controls.",20 Parkinson's disease; 20 matched controls,40,fNIRS,Finger tapping; walking; rest,SNIRF; ZIP; XLSX metadata,284 MB,CC-BY-4.0,https://zenodo.org/api/records/7966830/files/fNIRS_Parkinson.zip/content,Direct ZIP download,verified-core,,https://doi.org/10.5281/zenodo.7966830,"People with Parkinson's disease and matched controls completed finger tapping, walking and resting-state measurements.",120,"40 participants × finger tapping, walking and resting folders; 120 SNIRF files",SNIRF/HDF5 in ZIP,verified,118.24,899.96,Raw SNIRF time-vector spans across 120 recordings.,verified,"Finger tapping; walking; rest condition/task labels || format=source-specific events, triggers or task tables || level=event/block/run || status=partial || evidence=canonical repository metadata/file listing",,,PD/control group; disease duration; onset side; UPDRS-III; freezing of gait; levodopa-equivalent dose; Hoehn-Yahr || format=XLSX || level=participant || status=verified || evidence=Zenodo archive and associated study,,,,,,,
donders:vesb-mh30,Donders Repository,1,Automatic and non-automatic finger and leg movements measured with fNIRS,Motor automaticity and dual-task effects for finger tapping and foot stepping.,Not stated,24,fNIRS,Finger tapping; foot stepping; automatic/non-automatic; dual task,BIDS; SNIRF,2 GB,CC-BY-SA-4.0,https://doi.org/10.34973/vesb-mh30,DOI landing page; repository download,verified-core,,https://doi.org/10.34973/vesb-mh30,"Finger tapping and foot stepping under automatic, non-automatic and dual-task instructions, designed to isolate motor automaticity.",192,24 participants × eight task conditions; canonical manifest contains 192 SNIRF files,BIDS NIRS; SNIRF,verified,450.3,831.52,Raw SNIRF time-vector spans checked against the 192-file manifest.,verified,finger/foot × automatic/newly learned × dual/no-dual conditions || format=BIDS events.tsv/JSON || level=run/event || status=verified || evidence=canonical WebDAV manifest,,,,,,,24 long- and 12 short-separation channels; optodes and scans metadata || format=BIDS TSV/JSON || level=participant/channel || status=verified || evidence=canonical WebDAV manifest,,,
dans:dans-zym-vewk,DANS,repository-current,The positive brain: Behavioral and fNIRS data,"Resting-state posterior cortical functional connectivity, flourishing, and subjective vitality.",Not stated,43,fNIRS,Resting-state functional connectivity,CSV and analysis files,,No license in DataCite metadata,https://doi.org/10.17026/dans-zym-vewk,DOI landing page; browser proof-of-work may be required,partial,DataCite rightsList is empty; do not infer a license from article access terms.,https://api.datacite.org/dois/10.17026/dans-zym-vewk,Posterior-cortex resting-state connectivity was related to flourishing and subjective-vitality behavioural measures.,43,one subject-level resting recording inferred for each of 43 participants; live file API remains inaccessible,CSV and analysis files,partial,440,440,"All 43 raw CSV recordings contain 4,400 samples at 10 Hz.",verified,"Resting-state functional connectivity condition/task labels || format=source-specific events, triggers or task tables || level=event/block/run || status=partial || evidence=canonical repository metadata/file listing",,,,flourishing and subjective vitality || format=CSV/analysis files || level=participant || status=partial || evidence=repository file listing/README or canonical study metadata,,,,,,
zenodo:6575155,Zenodo,v0.0.1,fNIRS Finger Tapping Data in BIDS Format,Small example dataset for BIDS-NIRS tooling and tutorials.,Not stated,5,fNIRS,Finger tapping,BIDS; SNIRF; ZIP,43.8 MB,other-open,https://zenodo.org/api/records/6575155/files/rob-luke/BIDS-NIRS-Tapping-v0.1.0.zip/content,Direct ZIP download,verified-core,"Zenodo classifies the deposit as software and license as 'other-open', not a standard Creative Commons license.",https://doi.org/10.5281/zenodo.6575155,Small BIDS-NIRS example with repeated finger-tapping blocks and event annotations.,5,five participant-level SNIRF recordings reported for the BIDS example,BIDS NIRS; SNIRF in ZIP,partial,2415.872,2974.464,Raw SNIRF time-vector spans across 5 recordings.,verified,"Finger tapping condition/task labels || format=source-specific events, triggers or task tables || level=event/block/run || status=partial || evidence=canonical repository metadata/file listing",,,,,,,,,,
mendeley:377b4ff8p6,Mendeley Data,1,Auditory- and visual-evoked activity in newly implanted adult CI recipients,Auditory- and visual-evoked cortical activity after cochlear implantation.,Newly implanted adult cochlear-implant recipients,12,fNIRS,Auditory and visual evoked activity,BIDS; SNIRF,,CC-BY-4.0,https://data.mendeley.com/datasets/377b4ff8p6/1,Repository download,verified-core,Participant count is 12 in the associated study; exact SNIRF tree could not be enumerated through the authenticated API.,https://doi.org/10.17632/377b4ff8p6.1,New adult cochlear-implant recipients completed auditory- and visual-evoked cortical stimulation blocks.,12,12 participant-level BIDS/SNIRF recordings inferred from the study and repository organization,BIDS NIRS; SNIRF,partial,1891.584,2015.488,Raw SNIRF sample counts across 12 recordings at a 0.256-second interval.,verified,"Auditory and visual evoked activity condition/task labels || format=source-specific events, triggers or task tables || level=event/block/run || status=partial || evidence=canonical repository metadata/file listing",,adult cochlear-implant participant metadata and implant side || format=BIDS participants metadata || level=participant || status=partial || evidence=repository and associated study,cochlear-implant status and post-implant context || format=BIDS participant metadata || level=participant || status=partial || evidence=repository file listing/README or canonical study metadata,,,,,,,
dryad:crjdfn3g9,Dryad,8,An fNIRS dataset for multimodal speech comprehension in normal hearing individuals and cochlear implant users,"Speech comprehension in quiet, noise, audiovisual, and lipreading conditions.",46 cochlear-implant users; 26 normal-hearing controls,72,fNIRS,Speech in quiet/noise; audiovisual speech; lipreading,BIDS 1.10.0; SNIRF; ZIP,725 MB,CC0-1.0,https://datadryad.org/api/v2/datasets/doi%3A10.5061%2Fdryad.crjdfn3g9/download,Direct dataset download,verified-core,,https://doi.org/10.5061/dryad.crjdfn3g9,"Cochlear-implant users and normal-hearing controls completed speech in quiet/noise, audiovisual speech and visual-only lipreading conditions.",72,one SNIRF recording per participant; 46 CI users plus 26 controls,BIDS NIRS; SNIRF in ZIP,verified,1542.59,1749.58,Raw SNIRF sample counts across 72 recordings at a 0.07-second interval.,verified,"Speech in quiet/noise; audiovisual speech; lipreading condition/task labels || format=source-specific events, triggers or task tables || level=event/block/run || status=partial || evidence=canonical repository metadata/file listing",speech-comprehension outcomes: right; wrong; not sure || format=BIDS events and XLSX || level=participant/event || status=verified || evidence=Dryad archive and study,,cochlear-implant versus normal-hearing group || format=BIDS participant metadata || level=participant || status=partial || evidence=repository file listing/README or canonical study metadata,,,,,,,
mendeley:z92nw4n73t,Mendeley Data,3,A simultaneous EEG-fNIRS dataset of the visual cognitive motivation study in healthy adults,Visual motivation and recognition experiment with simultaneous EEG-fNIRS.,Healthy adults,16,EEG; fNIRS,Visual cognitive motivation and recognition,EEG EDF; fNIRS CSV; MATLAB; metadata,,CC-BY-4.0,https://data.mendeley.com/datasets/z92nw4n73t,Repository download,verified-core,Canonical Mendeley v3 metadata states CC-BY-4.0; the earlier CC-BY-NC value was from secondary article metadata.,https://doi.org/10.1016/j.dib.2024.110260,"Simultaneous EEG-fNIRS visual motivation and recognition task with stimulus, response and recognition outcomes.",16,one participant-level fNIRS set per reported participant,fNIRS CSV and MATLAB metadata,partial,1612.3,3222.2,Sample rows divided by 10 Hz across 28 independent raw CSV segments.,verified,"Visual cognitive motivation and recognition condition/task labels || format=source-specific events, triggers or task tables || level=event/block/run || status=partial || evidence=canonical repository metadata/file listing","motivation, visual stimulus and recognition outcomes || format=CSV; MATLAB || level=trial/participant || status=partial || evidence=repository file listing/README or canonical study metadata",,,,,,,,simultaneous EEG || format=EDF || level=participant/sample || status=partial || evidence=repository file listing/README or canonical study metadata,
nitrc:luhmann20synhrf-1,NITRC,release-current,Luhmann2020 synthetic-HRF dataset I,Resting-state fNIRS with synthetic hemodynamic responses and multimodal auxiliary signals.,Healthy adults,14,fNIRS; PPG; respiration; blood pressure; accelerometry,Rest plus synthetic HRF,SNIRF,,BSD,https://www.nitrc.org/projects/luhmann20synhrf/,NITRC 'Download Now'; 3D-info release available,partial,License and study fields are from the NITRC/OpenfNIRS listing; direct file URL was not stable in fetched HTML.,https://doi.org/10.3389/fnins.2020.579353,"Resting measurements with synthetic haemodynamic responses inserted for benchmarking; PPG, respiration, blood pressure and accelerometry are included.",14,14 participant SNIRF recordings reported by the study/catalog,SNIRF,partial,300,300,Published 5-minute protocol; raw manifest was not available for verification.,partial,"synthetic HRF timing/ground truth; Rest plus synthetic HRF condition/task labels || format=SNIRF stim/metadata; source-specific events, triggers or task tables || level=event/sample; event/block/run || status=partial || evidence=repository file listing/README or canonical study metadata; canonical repository metadata/file listing",,,,,PPG; respiration; blood pressure || format=SNIRF auxiliary channels || level=sample || status=partial || evidence=repository file listing/README or canonical study metadata,accelerometry || format=SNIRF auxiliary channels || level=sample || status=partial || evidence=repository file listing/README or canonical study metadata,,,,
nitrc:luhmann20synhrf-2,NITRC,release-current,Luhmann2020 synthetic-HRF dataset II,Resting-state fNIRS with synthetic hemodynamic responses and accelerometry.,Healthy adults,14,fNIRS; accelerometry,Rest plus synthetic HRF,SNIRF,,BSD,https://www.nitrc.org/projects/luhmann20synhrf/,NITRC 'Download Now'; 3D-info release available,partial,License and study fields are from the NITRC/OpenfNIRS listing; direct file URL was not stable in fetched HTML.,https://doi.org/10.3389/fnins.2020.579353,Second resting/synthetic-HRF benchmark with accelerometry and a distinct acquisition configuration.,14,14 participant SNIRF recordings reported by the study/catalog,SNIRF,partial,600,600,Published 10-minute protocol; raw manifest was not available for verification.,partial,"synthetic HRF timing/ground truth; Rest plus synthetic HRF condition/task labels || format=SNIRF stim/metadata; source-specific events, triggers or task tables || level=event/sample; event/block/run || status=partial || evidence=repository file listing/README or canonical study metadata; canonical repository metadata/file listing",,,,,,accelerometry || format=SNIRF auxiliary channels || level=sample || status=partial || evidence=repository file listing/README or canonical study metadata,,,,
refed:project,Hugging Face / REFED project,2025,REFED,Synchronized EEG-fNIRS emotion data with continuous valence and arousal labels.,Healthy adults,32,EEG; fNIRS,Emotion induction; continuous annotation,MATLAB MAT; CSV metadata,,CC-BY-NC-SA-4.0,https://huggingface.co/datasets/REFED2025/REFED-dataset,Public Hugging Face dataset repository,verified-core,"Public archive now exposes fNIRS/EEG baseline and video MAT files, annotations, ratings and spatial metadata.",https://huggingface.co/datasets/REFED2025/REFED-dataset,"Thirty-two participants watched 15 emotion-inducing videos spanning five valence/arousal regions, with paired 5-s baselines, continuous controller annotation and post-video SAM ratings.",64,32 participants × separate fNIRS video and baseline MAT files; 480 video trials are annotations within these files,MATLAB .mat; LABNIRS 51-channel HbO/HbR/HbT and 780/805/830-nm absorbance,verified,5,172,Published protocol: 5-second baselines and 72–172-second video clips; gated raw MAT files were not inspected.,partial,1-Hz continuous valence/arousal annotations for 15 videos || format=MATLAB .mat || level=participant/video/sample || status=verified || evidence=Hugging Face file tree,,participant metadata || format=CSV || level=participant || status=verified || evidence=Hugging Face file tree,,SAM valence/arousal/dominance/familiarity; PANAS || format=CSV || level=participant/video || status=verified || evidence=Hugging Face file tree,,,fNIRS channel coordinates and EEG channel metadata || format=CSV || level=channel || status=verified || evidence=Hugging Face file tree,,64-channel synchronized EEG baseline/video recordings || format=MATLAB .mat || level=participant/trial/sample || status=verified || evidence=Hugging Face file tree,
